College Name,URL
Allan Hancock College,http://www.hancockcollege.edu/
American River College,http://www.arc.losrios.edu/
Antelope Valley College,http://www.avc.edu/
Bakersfield College,http://www.bakersfieldcollege.edu/
Barstow Community College,http://www.barstow.edu/
Berkeley City College,http://www.berkeleycitycollege.edu/
Butte College,http://www.butte.edu/
Cabrillo College,http://www.cabrillo.edu/
Cañada College,http://www.canadacollege.edu/
Cerritos College,http://www.cerritos.edu/
Cerro Coso Community College,http://www.cerrocoso.edu/
Chabot College,http://www.chabotcollege.edu/
Chaffey College,http://www.chaffey.edu/
Citrus College,http://www.citruscollege.edu/
City College of San Francisco,http://www.ccsf.edu/
Clovis Community College,http://www.cloviscollege.edu/
Coastline College,http://www.coastline.edu/
College of Alameda,https://alameda.edu/
College of Marin,http://www.marin.edu/
College of San Mateo,http://www.collegeofsanmateo.edu/
College of the Canyons,http://www.canyons.edu/
College of the Desert,http://www.collegeofthedesert.edu/
College of the Redwoods,https://www.redwoods.edu/
College of the Sequoias,http://www.cos.edu/
College of the Siskiyous,http://www.siskiyous.edu/
Columbia College,https://www.gocolumbia.edu/
Compton College,http://www.compton.edu/
Contra Costa College,http://www.contracosta.edu/
Copper Mountain College,http://www.cmccd.edu/
Cosumnes River College,http://www.crc.losrios.edu/
Crafton Hills College,http://www.craftonhills.edu/
Cuesta College,http://www.cuesta.edu/
Cuyamaca College,http://www.cuyamaca.edu/
Cypress College,http://www.cypresscollege.edu/
DeAnza College,http://www.deanza.edu/
Diablo Valley College,http://www.dvc.edu/
East Los Angeles College,http://www.elac.edu/
El Camino College,http://www.elcamino.edu/
Evergreen Valley College,http://www.evc.edu/
Feather River College,http://www.frc.edu/
Folsom Lake College,http://www.flc.losrios.edu/
Foothill College,http://www.foothill.edu/
Fresno City College,http://www.fresnocitycollege.edu/
Fullerton College,http://www.fullcoll.edu/
Gavilan College,http://www.gavilan.edu/
Glendale Community College,http://www.glendale.edu/
Golden West College,http://www.goldenwestcollege.edu/
Grossmont College,http://www.grossmont.edu/
Hartnell College,http://www.hartnell.edu/
Imperial Valley College,http://www.imperial.edu/
Irvine Valley College,http://www.ivc.edu/
Lake Tahoe Community College,http://www.ltcc.edu/
Laney College,http://www.laney.edu/
Las Positas College,http://www.laspositascollege.edu/
Lassen College,http://www.lassencollege.edu/
Long Beach City College,http://www.lbcc.edu/
Los Angeles City College,http://www.lacitycollege.edu/
Los Angeles Harbor College,http://www.lahc.edu/
Los Angeles Mission College,http://www.lamission.edu/
Los Angeles Pierce College,http://www.piercecollege.edu/
Los Angeles Southwest College,http://www.lasc.edu/
Los Angeles Trade-Tech College,http://www.lattc.edu/
Los Angeles Valley College,http://www.lavc.edu/
Los Medanos College,http://www.losmedanos.edu/
Madera College,https://www.maderacollege.edu/
Mendocino College,http://www.mendocino.edu/
Merced College,http://www.mccd.edu/
Merritt College,http://www.merritt.edu/
MiraCosta College,http://www.miracosta.edu/
Mission College,http://www.missioncollege.edu/
Modesto Junior College,http://www.mjc.edu/
Monterey Peninsula College,http://www.mpc.edu/
Moorpark College,http://www.moorparkcollege.edu/
Moreno Valley College,http://www.mvc.edu/
Mt. San Antonio College,http://www.mtsac.edu/
Mt. San Jacinto College,http://www.msjc.edu/
Napa Valley College,http://www.napavalley.edu/
Norco College,http://www.norcocollege.edu/
Ohlone College,http://www.ohlone.edu/
Orange Coast College,http://www.orangecoastcollege.edu/
Oxnard College,http://www.oxnardcollege.edu/
Palomar College,http://www.palomar.edu/
Palo Verde College,http://www.paloverde.edu/
Pasadena City College,http://www.pasadena.edu/
Porterville College,http://www.portervillecollege.edu/
Reedley College,http://www.reedleycollege.edu/
Rio Hondo College,http://www.riohondo.edu/
Riverside City College,https://www.rcc.edu/
Sacramento City College,http://www.scc.losrios.edu/
Saddleback College,http://www.saddleback.edu/
San Bernardino Valley College,http://www.valleycollege.edu/
San Diego City College,http://www.sdcity.edu/
San Diego Mesa College,http://www.sdmesa.edu/
San Diego Miramar College,http://www.sdmiramar.edu/
San Joaquin Delta College,http://www.deltacollege.edu/
San Jose City College,http://www.sjcc.edu/
Santa Ana College,http://www.sac.edu/
Santa Barbara City College,http://www.sbcc.edu/
Santa Monica College,http://www.smc.edu/
Santa Rosa Junior College,http://www.santarosa.edu/
Santiago Canyon College,http://www.sccollege.edu/
Shasta College,http://www.shastacollege.edu/
Sierra College,http://www.sierracollege.edu/
Skyline College,http://www.skylinecollege.edu/
Solano Community College,http://www.solano.edu/
Southwestern College,http://www.swccd.edu/
Taft College,http://www.taftcollege.edu/
Ventura College,http://www.venturacollege.edu/
Victor Valley College,http://www.vvc.edu/
West Los Angeles College,http://www.wlac.edu/
West Valley College,http://www.westvalley.edu/
Woodland Community College,http://wcc.yccd.edu/
Yuba College,http://yc.yccd.edu/